id;name;address;telephone;last_updated_date
1;protocol neural-net;Savings Account Guinea-Bissau;674-112-6973 x9902;2020-11-19T06:01:21
2;Garden model;Rustic Granite Chips;582.991.8096 x19746;2020-11-19T00:30:32
3;Frozen parse;software open-source turquoise;667.225.3344;2020-11-18T20:51:02
4;Officer deposit Sausages;Synchronised Tactics;271.637.4319;2020-11-18T16:55:56
5;empower Missouri;Personal Loan Account;1-191-378-2350 x03963;2020-11-18T20:49:37
6;disintermediate technologies index;France Azerbaijan;757.096.6682 x037;2020-11-18T12:48:28
7;Nepalese Rupee Assistant metrics;bluetooth quantifying;(774) 893-8812 x7634;2020-11-18T08:54:30
8;utilize invoice functionalities;Vietnam;1-702-208-8863 x194;2020-11-18T11:31:22
9;XML invoice;Personal Loan Account Intranet Sleek Wooden Chips;(940) 578-4622;2020-11-18T21:18:58
10;navigating optical Serbian Dinar;Legacy pixel;644.407.2915 x13788;2020-11-19T03:58:14
