id;note;last_updated_date;tenant_id
1;Generic Metal Pizza;2020-11-19T00:29:52;30569
2;Harbors deposit Palau;2020-11-18T14:16:20;77472
3;Small programming scalable;2020-11-18T13:32:22;14238
4;Louisiana Antarctica (the territory South of 60 deg S) hybrid;2020-11-19T03:09:14;94689
5;experiences system-worthy;2020-11-19T04:15:48;89191
6;synthesize;2020-11-18T11:16:47;33880
7;Borders Cloned quantifying;2020-11-19T00:23:23;29553
8;protocol Mountains Cheese;2020-11-18T17:45:01;74829
9;Bedfordshire Ergonomic;2020-11-18T08:52:14;49085
10;Music SDD navigating;2020-11-18T21:45:32;8729
