id;question;description;attribute_1;attribute_2;attribute_3;attribute_4;attribute_5;optional;last_updated_date;client_id
1;Brand;Pataca Vista Cambridgeshire;incremental Accounts;complexity Glen;Plastic HDD Granite;Investment Account protocol Ergonomic;USB Surinam Dollar;true;2020-11-30T08:31:31;31738
2;Future convergence;Mouse sensor Ergonomic Concrete Chips;drive;invoice cohesive;withdrawal maroon;Associate;schemas calculate;false;2020-11-30T06:15:19;74952
3;empowering Representative Checking Account;CSS index;web-readiness best-of-breed wireless;Credit Card Account;back up;CSS;New York;true;2020-11-30T01:47:36;48067
4;Unbranded payment USB;Bermudian Dollar (customarily known as Bermuda Dollar) metrics;Electronics 1080p;payment asynchronous;Dam Chicken Pound Sterling;Mouse;vortals;true;2020-11-30T00:25:50;23371
5;Savings Account;compress;Refined;Corporate zero defect;reintermediate;Corporate Adaptive;methodologies Saudi Riyal Engineer;false;2020-11-30T12:02:48;68694
6;Tactics;Sudan programming Bedfordshire;Reactive;cyan Clothing;Strategist Buckinghamshire Road;Granite;open-source;true;2020-11-30T05:58:50;26125
7;Fiji Dollar Valleys;Outdoors;networks Right-sized vertical;open-source transform e-markets;Awesome;auxiliary withdrawal;e-commerce;false;2020-11-30T11:25:47;9661
8;Tuna;Mews;Chips;AI;Squares SSL transmit;Steel;Garden;true;2020-11-29T20:25:20;74418
9;dot-com Intranet withdrawal;5th generation;reboot;Borders Unions;orange Courts;microchip payment object-oriented;back up Handmade Granite Bike functionalities;true;2020-11-30T10:09:51;54448
10;payment Rustic;Refined;Markets Libyan Dinar Checking Account;eyeballs bypassing Automotive;Phased;Personal Loan Account Executive;customer loyalty;false;2020-11-30T06:00:56;32456
