id;event_name;event_date;event_api;ip_address;event_note;event_entity_name;event_entity_id;is_suspecious;client_id
1;auxiliary;2020-11-29T20:24:00;Industrial;Direct 24/365 Multi-layered;transmitting Intuitive payment;magnetic;79363;false;52337
2;product transmitting El Salvador;2020-11-29T22:18:45;Finland withdrawal;functionalities;Micronesia;hack Manager;85243;false;55994
3;Arkansas mobile;2020-11-30T09:10:29;Legacy;Berkshire North Carolina Buckinghamshire;mint green Haiti maximized;XML Cambridgeshire;45062;true;95274
4;deposit;2020-11-30T03:03:12;Kenyan Shilling Rustic;Tuna National;Fantastic Metal Sausages challenge communities;zero defect bus IB;21031;false;71375
5;deposit;2020-11-30T06:10:36;Plains;Auto Loan Account synergies;Hawaii;Way blue;88042;false;62937
6;bypass;2020-11-30T13:05:47;metrics Data card;Bahamas;Manager Iraqi Dinar pink;markets Lebanon;17755;true;87569
7;Optional Generic;2020-11-30T17:05:57;utilize Consultant;synthesize;transparent;Facilitator neural;15483;true;26432
8;Handmade Granite Hat cross-platform;2020-11-30T11:38:50;calculating Brand;convergence platforms;global Oregon Intelligent Plastic Pizza;Principal;11892;true;49138
9;wireless hack deposit;2020-11-29T19:11:16;Guyana Washington;Clothing mint green solution;Gorgeous Steel Computer;Handmade;1070;true;51486
10;open-source Botswana;2020-11-30T14:33:38;feed Home;Home Loan Account;Horizontal approach;bleeding-edge fresh-thinking;70002;true;46431
